<?xml version="1.0" encoding="UTF-8"?>
<project-private xmlns="http://www.netbeans.org/ns/project-private/1">
    <editor-bookmarks xmlns="http://www.netbeans.org/ns/editor-bookmarks/2" lastBookmarkId="0"/>
    <open-files xmlns="http://www.netbeans.org/ns/projectui-open-files/2">
        <group>
            <file>file:/C:/Users/Assiya/Documents/NetBeansProjects/Gps_Client/src/gps_client/Gps_Client.java</file>
            <file>file:/C:/Users/Assiya/Documents/NetBeansProjects/Gps_Client/src/dao/IdaoLocal.java</file>
            <file>file:/C:/Users/Assiya/Documents/NetBeansProjects/Gps_Client/src/dao/IdaoRemote.java</file>
            <file>file:/C:/Users/Assiya/Documents/NetBeansProjects/Gps_Client/src/META-INF/persistence.xml</file>
            <file>file:/C:/Users/Assiya/Documents/NetBeansProjects/Gps_Client/src/test/Client.java</file>
            <file>file:/C:/Users/Assiya/Documents/NetBeansProjects/Gps_Client/src/forms/Main.java</file>
            <file>file:/C:/Users/Assiya/Documents/NetBeansProjects/Gps_Client/src/forms/PhoneForm.java</file>
            <file>file:/C:/Users/Assiya/Documents/NetBeansProjects/Gps_Client/src/forms/UserForm.java</file>
            <file>file:/C:/Users/Assiya/Documents/NetBeansProjects/Gps_Client/src/forms/geolocalisation-CRM%20(1).jpg</file>
            <file>file:/C:/Users/Assiya/Documents/NetBeansProjects/Gps_Client/src/entities/Position.java</file>
        </group>
    </open-files>
</project-private>
